{
	"pages": [{
		"path": "pages/login/login",
		"style": {
			"navigationBarBackgroundColor": "#21D5AE",
			"navigationBarTextStyle": "white",
			"navigationBarTitleText": "登录"
		}
	}, {
		"path": "pages/register/register",
		"style": {
			"navigationBarBackgroundColor": "#21D5AE",
			"navigationBarTextStyle": "white",
			"navigationBarTitleText": "注册"
		}
	}, {
		"path": "pages/forget/forget",
		"style": {
			"navigationBarBackgroundColor": "#21D5AE",
			"navigationBarTextStyle": "white",
			"navigationBarTitleText": "忘记密码"
		}
	}, {
		"path": "pages/center/center",
		"style": {
			"navigationBarBackgroundColor": "#21D5AE",
			"navigationBarTextStyle": "white",
			"navigationBarTitleText": "我的"
		}
	}, {
		"path": "pages/user-info/user-info",
		"style": {
			"navigationBarBackgroundColor": "#21D5AE",
			"navigationBarTextStyle": "white",
			"navigationBarTitleText": "用户信息"
		}
	}
	, {
		"path": "pages/news-detail/news-detail",
		"style": {
			"navigationBarBackgroundColor": "#21D5AE",
			"navigationBarTextStyle": "white",
			"navigationBarTitleText": "资讯详情"
		}
	}
	,{
		"path": "pages/yonghu/list",
		"style": {
			"navigationBarBackgroundColor": "#21D5AE",
			"navigationBarTextStyle": "white"
		}
	},{
		"path": "pages/yonghu/add-or-update",
		"style": {
			"navigationBarBackgroundColor": "#21D5AE",
			"navigationBarTextStyle": "white"
		}
	},{
		"path": "pages/yonghu/detail",
		"style": {
			"navigationBarBackgroundColor": "#21D5AE",
			"navigationBarTextStyle": "white"
		}
	}
	,{
		"path": "pages/xueshuleixing/list",
		"style": {
			"navigationBarBackgroundColor": "#21D5AE",
			"navigationBarTextStyle": "white"
		}
	},{
		"path": "pages/xueshuleixing/add-or-update",
		"style": {
			"navigationBarBackgroundColor": "#21D5AE",
			"navigationBarTextStyle": "white"
		}
	},{
		"path": "pages/xueshuleixing/detail",
		"style": {
			"navigationBarBackgroundColor": "#21D5AE",
			"navigationBarTextStyle": "white"
		}
	}
	,{
		"path": "pages/yantaoxueshu/list",
		"style": {
			"navigationBarBackgroundColor": "#21D5AE",
			"navigationBarTextStyle": "white"
		}
	},{
		"path": "pages/yantaoxueshu/add-or-update",
		"style": {
			"navigationBarBackgroundColor": "#21D5AE",
			"navigationBarTextStyle": "white"
		}
	},{
		"path": "pages/yantaoxueshu/detail",
		"style": {
			"navigationBarBackgroundColor": "#21D5AE",
			"navigationBarTextStyle": "white"
		}
	}
	,{
		"path": "pages/storeup/list",
		"style": {
			"navigationBarBackgroundColor": "#21D5AE",
			"navigationBarTextStyle": "white"
		}
	},{
		"path": "pages/storeup/add-or-update",
		"style": {
			"navigationBarBackgroundColor": "#21D5AE",
			"navigationBarTextStyle": "white"
		}
	},{
		"path": "pages/storeup/detail",
		"style": {
			"navigationBarBackgroundColor": "#21D5AE",
			"navigationBarTextStyle": "white"
		}
	}
	,{
		"path": "pages/news/list",
		"style": {
			"navigationBarBackgroundColor": "#21D5AE",
			"navigationBarTextStyle": "white"
		}
	},{
		"path": "pages/news/add-or-update",
		"style": {
			"navigationBarBackgroundColor": "#21D5AE",
			"navigationBarTextStyle": "white"
		}
	},{
		"path": "pages/news/detail",
		"style": {
			"navigationBarBackgroundColor": "#21D5AE",
			"navigationBarTextStyle": "white"
		}
	}
    , {
		"path": "pages/forum-index/forum-index",
		"style": {
			"navigationBarBackgroundColor": "#21D5AE",
			"navigationBarTextStyle": "white",
			"navigationBarTitleText": "首页"
		}
	}, {
		"path": "pages/forum-detail/forum-detail",
		"style": {
			"navigationBarBackgroundColor": "#21D5AE",
			"navigationBarTextStyle": "white",
			"navigationBarTitleText": "学术论坛发帖详情"
		}
	}, {
		"path": "pages/forum-reply/forum-reply",
		"style": {
			"navigationBarBackgroundColor": "#21D5AE",
			"navigationBarTextStyle": "white",
			"navigationBarTitleText": "回复评论"
		}
	}, {
		"path": "pages/forum-list/list",
		"style": {
			"navigationBarBackgroundColor": "#21D5AE",
			"navigationBarTextStyle": "white",
			"navigationBarTitleText": "我的发布"
		}
	}, {
		"path": "pages/forum-my/forum-my",
		"style": {
			"navigationBarBackgroundColor": "#21D5AE",
			"navigationBarTextStyle": "white",
			"navigationBarTitleText": "我的发布"
		}
	}, {
		"path": "pages/forum-add-or-update/forum-add-or-update",
		"style": {
			"navigationBarBackgroundColor": "#21D5AE",
			"navigationBarTextStyle": "white",
			"navigationBarTitleText": "我的发布"
		}
	}
    ,{
        "path": "common/linkOthers/linkOthers",
        "style": {
			"navigationBarBackgroundColor": "#21D5AE",
			"navigationBarTextStyle": "white"
        }
    }
	, {
		"path": "pages/index/index",
		"style": {
			"navigationBarBackgroundColor": "#21D5AE",
			"navigationBarTextStyle": "white",
			"navigationBarTitleText": "首页"
		}
	}
	],
	"globalStyle": {
		"navigationBarTextStyle": "black",
		"navigationBarTitleText": "高校学术研讨信息管理系统",
		"navigationBarBackgroundColor": "#F8F8F8",
		"backgroundColor": "#F8F8F8"
	},
	"tabBar": {
		"color": "#FFFFFF",
		"selectedColor": "#2C4149",
		"borderStyle": "white",
		"backgroundColor": "#21D5AE",
		"list": [{
				"pagePath": "pages/index/index",
				"iconPath": "static/tabs/index.png",
				"selectedIconPath": "static/tabs/index1.png",
				"text": "首页"
			}
			

			,{
				"pagePath": "pages/yantaoxueshu/list",
				"iconPath": "/static/tabs/icon1.png",
				"selectedIconPath": "/static/tabs/icon1_act.png",
				"text": "研讨学术"
			}

			,{
			 	"pagePath": "pages/news/list",
				"iconPath": "static/tabs/news.png",
			 	"selectedIconPath": "static/tabs/news_act.png",
				"text": "研讨资讯"
			}



			,{
			 	"pagePath": "pages/forum-index/forum-index",
				"iconPath": "static/tabs/forum.png",
			 	"selectedIconPath": "static/tabs/forum_act.png",
				"text": "学术论坛"
			}


			,{
				"pagePath": "pages/center/center",
				"iconPath": "static/tabs/mine.png",
				"selectedIconPath": "static/tabs/mine1.png",
				"text": "我的"
			}
		]
	}
}
